series,n,m,trial,ms,theo_x,normalized_theory_ms,p_intra,p_inter
p0.010,894000,55784686,1,434722.717,9981167356.202,415219.440,0.010000,0.000100000
p0.010,894000,55784686,2,443367.313,9981167356.202,415219.440,0.010000,0.000100000
p0.010,894000,55784686,3,405549.165,9981167356.202,415219.440,0.010000,0.000100000
p0.010,1050000,76942931,1,769922.022,16085188994.585,669148.500,0.010000,0.000100000
p0.010,1050000,76942931,2,633155.668,16085188994.585,669148.500,0.010000,0.000100000
p0.010,1050000,76942931,3,580799.949,16085188994.585,669148.500,0.010000,0.000100000
