method,n,k,p_intra,p_inter,seed,NMI,ARI,F1
k-core,100000,10,0.02,1.5E-4,42,0.850435,0.973418,0.373671
densest,100000,10,0.02,1.5E-4,42,0.768279,0.836693,0.257698
quasi-clique,100000,10,0.02,1.5E-4,42,0.938020,0.963325,0.974051
L-RMC,100000,10,0.02,1.5E-4,42,0.000000,0.000000,0.000000
k-core,100000,10,0.02,1.5E-4,43,0.786509,0.856436,0.409666
densest,100000,10,0.02,1.5E-4,43,0.790842,0.842796,0.372257
quasi-clique,100000,10,0.02,1.5E-4,43,0.936538,0.962205,0.972877
